repo,per_period_exported
lncm/lnd-rpc,{}
oladotunr/cosine,{}
sunnywalden/login-jumper,{}
okfn/vdm,{}
symonsoft/ppretty,{}
qlient-org/python-qlient-core,{}
youversion/marshmallow_arrow,{}
Andy-Wilkinson/ChemMLToolkit,{}
uliw/esbmtk,{}
sebasj13/topasgraphsim,{}
zacernst/metalpipe,{}
tpsatish95/mgcpy,{}
rescapes/rescape-python-helpers,{}
moritzploss/tribology,{}
sas229/geopyv,{}
akornatskyy/wheezy.validation,{}
marksie1988/PyArr,{}
faasm/faasmctl,{}
SabujXi/SynamicX,{}
eeriks/erepublik,{}
sigma-py/npx,{}
statbiophys/SONIA,{}
naimetti/rfc3986-validator,{}
rodrigopmatias/fonema,{}
crrapi/async-cse,{}
JulianKimmig/json_websocket,{}
EscherAuth/escher-python,{}
9seconds/streams,{}
Haschtl/RealTimeOpenControl,{}
RafaelCenzano/PyStarter,{}
opvious/sdk.py,{}
veltzer/pylogconf,{}
nvbn/import_from_github_com,{}
Snoworday/dl_rank,{}
xxblx/pyswrve,{}
Deepwalker/trafaret_forked,{}
nueramic/mathml,{}
blueloveTH/keras4torch,{}
ivangeorgiev/pytest-databricks,{}
jaraco/jaraco.ui,{}
iomega/Spec2Vec,{}
binh-vu/hugedict,{}
heewinkim/utilpack,{}
veltzer/pyflexebs,{}
jsh9/docstring_parser_fork,{}
AlexisDougherty13/Duel,{}
maxmouchet/gfc,{}
fastapi-keycloak/fastapi-keycloak,{}
b1naryth1ef/holster,{}
hsheth2/avro_gen,{}
javatechy/dokr,{}
gdub/python-archive,{}
kajala/django-jacc,{}
jbittel/base32-crockford,{}
mdiller/dotabase-builder,{}
fuzihaofzh/cam-tool,{}
rtlee9/serveit,{}
codac-team/pyIbex,{}
thib1984/ytdlmusic,{}
My-kal/2Captcha,{}
LanLi2017/OR2YWTool,{}
dankilman/awe,{}
harupy/sphinx-plotly-directive,{}
dalloriam/python-stdlib,{}
NyanKiyoshi/html-to-draftjs,{}
DallasMorningNews/django-budget,{}
honeydbio/honeydb-python,{}
NexSabre/scapy_helper,{}
HttpTesting/pyhttp,{}
dmitrijkotov634/b0mb3r,{}
kouroshparsa/iis_bridge,{}
YujinYuz/pytuneteller,{}
mbarkhau/lexid,{}
nikhilwoodruff/openfisca-us,{}
jongracecox/auto-all,{}
cjw296/carly,{}
RoosDaniel/SafetyNet-Attestation,{}
mondeja/rspolib,{}
alexseitsinger/react-ssr-backend,{}
CITGuru/tempmail,{}
mathieuripert/geoh,{}
jnrbsn/deasciiify,{}
feluxe/buildlib,{}
kracekumar/code_census,{}
Querela/thai-segmenter,{}
python-mondrian/mondrian,{}
danielqiang/pollevbot,{}
cs50/help50-deprecated,{}
aodag/asbool,{}
larryturner/diamondback,{}
static-frame/arraymap,{}
martinjanssens/cloudmetrics,{}
LordDarkula/chess_py,{}
pathtofile/https.server,{}
veltzer/pyanyzip,{}
hmarr/django-debug-toolbar-mongo,{}
clinicedc/edc-utils,{}
timmo001/system-bridge-gui,{}
CiaranWelsh/PyCoTools,{}
asweigart/pysimplevalidate,{}
chris17453/ddb,{}
adamchainz/mariadb-dyncol,{}
dionysio/csvsorter,{}
tonyseek/python-base36,{}
mckaymatt/rust_pypi_example,{}
matthewgdv/pathmagic,{}
zhulik/aiosyncthing,{}
tylerbakke/MarkupPy,{}
nilsnolde/routingpy,{}
jaraco/jaraco.structures,{}
spkcspider/spkcspider,{}
mariushelf/graphlib_backport,{}
matsub/slashcommands,{}
cav71/setuptools-github,{}
tarzanjw/pysnowflake,{}
kserhii/money-parser,{}
cole-wilson/sailboat,{}
cloudmesh-cmd3/cmd3,{}
ljean/balafon,{}
ArtellaPipe/artellapipe,{}
fucm/python-stiebel-eltron,{}
Azure/Feathr,{}
idin/chronometry,{}
dem4ply/chibi_command,{}
Synerty/peek-field-app,{}
firefly-framework/firefly-framework,{}
Carrotor116/fserver,{}
sbp/gin,{}
nimaid/python-imgtag,{}
user202729/pyrasite-ng,{}
dmatijev/wspd_pip,{}
i3drobotics/pyStereo3D,{}
jacebrowning/pytest-expecter,{}
tjhunter/dds_py,{}
timmo001/system-bridge-connector,{}
sethaxen/python_utilities,{}
empiricalresults/haro-python-sdk,{}
labstack/labstack-python,{}
clinicedc/edc-consent,{}
theosanderson/armadillin,{}
SETI/rms-fpzip,{}
Cantera/cantera-svn,{}
veltzer/pyfakeuse,{}
fofix/python-pypitch,{}
dstufft/potpie,{}
zgana/histlite,{}
katylava/memepy,{}
F-Tag/python-vad,{}
krateng/doreah,{}
offish/tf2-utils,{}
machinezone/rcc,{}
tcdude/py-klondike-solver,{}
masenf/gensio-binary,{}
anti1869/aiohttp_autoreload,{}
deone/ussd-session,{}
veselosky/jinja2_s3loader,{}
remorses/instagram-botnet,{}
kellerza/pyqwikswitch,{}
steffgrez/aio-jsonrpc-2.0,{}
juancgvazquez/MODApy,{}
F2011B/pyzac,{}
Ovizro/Kola,{}
mwegrzynek/asyncpysupla,{}
NiklasRosenstein/python-nr.util,{}
DerSchinken/PasswordCardGenerator,{}
jaraco/jaraco.docker,{}
0lever/utils,{}
seung-lab/crackle,{}
twgOren/roroioc,{}
ccarocean/python-contours,{}
corydodt/Crosscap,{}
JCamyre/Python-Trading,{}
LamaAni/AirflowDBLogger,{}
fptiangco/stringtoolsfpat,{}
ShaonMajumder/shaonutil,{}
coherent-oss/pytest-black,{}
pyinput/python-uinput,{}
fpelliccioni/cpuid-py-native,{}
petl-developers/petlx,{}
ochrstn/django-editorjs-field,{}
ezequielramos/http-server-mock,{}
jimjshields/tiny,{}
sfischer13/python-lorem,{}
jaraco/jaraco.apt,{}
jessekrubin/pupy,{}
ebursztein/sitefab,{}
henrypinkard/pycro-manager,{}
jaraco/jaraco.util,{}
sfneal/dirutility,{}
plyara/plyara-fork,{}
ingtechteam/pyticketswitch,{}
tdegeus/GooseHDF5,{}
veltzer/pytsv,{}
inmarsat-enterprise/fieldedge-utilities,{}
Project-Manager-With-Git/pmfp,{}
BackyardML/dithering,{}
daxartio/casers,{}
geoffryan/afterglowpy,{}
ocsmit/rindcalc,{}
rescapes/rescape-graphene,{}
microsoft/vsts-cd-manager,{}
cubao/pybind11-rdp,{}
Giddius/Antipetros_Discord_Bot,{}
aforren1/mglg,{}
domain-independent-dp/didp-rs,{}
whtsky/django-utils-six,{}
tanbro/b64uuid,{}
fridex/storages,{}
astropenguin/morecopy,{}
jisazaTappsi/shatter,{}
GeoNode/geonode-dialogos,{}
jwg4/pyvirgo,{}
hdmamin/incendio,{}
hubzero/hublib,{}
madman-bob/python-more-properties,{}
sloth-ci/sloth-ci,{}
manoelmarques/qiskit-nature,{}
JamesIves/discord-webhooks,{}
rabernat/rechunker,{}
4word/django-query-logger,{}
hireslab/whacc,{}
monosans/pygismeteo-base,{}
netbek/chrys,{}
Shiphero/pr-commenter,{}
NiklasRosenstein/python-nr,{}
ben174/profanity,{}
neurophant/imgpy,{}
barrybarrette/py-emails,{}
nicolargo/pymdstat,{}
kylebarron/quantized-mesh-encoder-js,{}
TezRomacH/safitty,{}
jtn-ms/handy,{}
wayhome/thrift_json,{}
quijot/gea-package,{}
mlcruz/TeXArticleFormater,{}
dkmiller/pyconfigurableml,{}
Apitax/Apitax,{}
dstufft/dj-redis-url,{}
arnaudmiribel/markdownlit,{}
benreynwar/slvcodec,{}
SuryaSankar/flask-sqlalchemy-booster,{}
andrewpetrochenkov/env-file.py,{}
vint21h/django-humans-txt,{}
psd-tools/packbits,{}
hackoregon/2019-sandbox-backend,{}
globocom/GloboNetworkAPI-client-python,{}
py4ds/gitone,{}
dephell/dephell_venvs,{}
tribeofai/toai,{}
Granitosaurus/statsd-telegraf,{}
runekaagaard/jason,{}
qua-platform/qua-sdk-py,{}
omza/azurestoragewrap,{}
se-esss-litterbox/Pynac,{}
kjhf/SlappPy,{}
danielwaterworth/cognite,{}
benoitlouy/pypjlink,{}
tek/proteome,{}
fccoelho/bayesian-inference,{}
conestack/odict,{}
jeffsu/json2yaml,{}
kata198/NamedAtomicLock,{}
ejd/backports.time_perf_counter,{}
satoshi03/pings,{}
InnovAnon-Inc/HafrenHaver,{}
dylanrichardson/Menu,{}
bryzgaloff-pypi/apache-airflow-providers-clickhouse,{}
Liwu-di/PaperCrawlerUtil,{}
BlackPoint-CX/forecast,{}
veltzer/pytconf,{}
Bonifatius94/ChessLib.Py,{}
stonezhong/spark_etl,{}
jhnnsrs/bergen,{}
hawkowl/httpsig_cffi,{}
heathbar/plum-lightpad-python,{}
JarryShaw/ptyng,{}
yehjxraymond/quantfolio,{}
klen/aio-databases,{}
nddbk/ytdl,{}
cielavenir/python-codecs7z,{}
idin/slytherin,{}
dspruell/aslookup,{}
jcrist/conda-pack,{}
Figglewatts/cidr-trie,{}
WSWUP/RefET,{}
kennedyj/loggly-handler,{}
bfontaine/k,{}
dmontagu/setuptools-cpp,{}
project-alice-assistant/ProjectAliceSkillKit,{}
idin/ravenclaw,{}
warner/python-pure25519,{}
mzjp2/mdtable,{}
dsun615/json-2-object,{}
Cifrazia/cats-python,{}
IntegralDefense/splunklib,{}
gaige/mdformat-pelican,{}
DerSchinken/BetterString,{}
binh-vu/kgdata,{}
heikomuller/histore,{}
abronte/PysparkGateway,{}
symonsoft/str2bool,{}
rtsfred3/pyntegrate,{}
microsoft/bandit-sarif-formatter,{}
dariowho/intents,{}
neerajprad/numpyro,{}
raybuhr/pyplot-themes,{}
eliorerz/junit-report,{}
clinicedc/edc-offstudy,{}
krzysztof/invenio-pidrelations,{}
tintinweb/python-smtpd-tls,{}
akornatskyy/wheezy.core,{}
rejoiceinhope/crawler-demo,{}
mgrady3/PLEASE,{}
cdaksha/parametrization_clean,{}
CYang828/fastweb,{}
trentkyono/DECAF,{}
xplor/django-add-default-value-postgresql,{}
ronaldoussoren/modulegraph,{}
colinta/StrangeCase,{}
SpotlightData/nanowire_flask,{}
fszostak/pwbus,{}
franceme/hugg,{}
rsyi/pylift,{}
alexrudd2/midas,{}
semanticize/leven,{}
materialsvirtuallab/flamyngo,{}
alexseitsinger/django-rest-framework-helpers,{}
elsonidoq/fito,{}
kolejka/kolejka,{}
BobTheBuidler/typed-envs,{}
bonsudev/bonsu,{}
daggy1234/polaroid,{}
trevphil/subsetsum,{}
meisanggou/Tools,{}
torosent/presidio,{}
AdamSwenson/CanvasHacks,{}
sfneal/PyBundle,{}
akornatskyy/wheezy.routing,{}
mdrachuk/cv,{}
ChristopherBilg/urlformat,{}
dwhswenson/autorelease,{}
damarco/zigpy-deconz,{}
kimsergeo/metalog,{}
ryananguiano/python-redis-timeseries,{}
lvhuyen/SparkAid,{}
agoose77/gco-ext,{}
veltzer/pypipegzip,{}
lektor/lektor-archive,{}
IBM/sib,{}
yaroslaff/okerrupdate,{}
leealessandrini/dataengine,{}
sfneal/databasetools,{}
richardtjornhammar/impetuous,{}
archinetai/a-unet,{}
ichuang/pyqsp,{}
fabiofumarola/polimorfo,{}
lycantropos/rithm,{}
octoenergy/BrickFTP,{}
rocksnow1942/mymodule,{}
KehaoWu/pgdb,{}
kulame/unimeta,{}
dantrim/hamming-codec,{}
sfneal/mysql-toolkit,{}
nickderobertis/py-file-conf,{}
phcerdan/wolfram_model,{}
IBM/boxfs,{}
makinacorpus/django-admin-watchdog,{}
wolph/django-tags-input,{}
amyreese/ufmt,{}
AristotleJunior/flask-loginmanager,{}
getmoto/surer,{}
ManrajGrover/py-log-symbols,{}
xxx-convert/TimeConvert,{}
GroestlCoin/groestlcoin-hash-python,{}
dwallace0723/pymode,{}
oblogic7/pyqvrpro,{}
ClericPy/watchdogs,{}
haozhg/oml,{}
GibbsConsulting/dpd-static-support,{}
twaldear/flask-sqlite-admin,{}
ManderaGeneral/generallibrary,{}
PyLabCo/pylab-sdk,{}
tlatsas/jinja2-highlight,{}
bannsec/hashcrack-jtr,{}
FerumFlex/admin_logs,{}
obahamonde/aiofauna,{}
mdagosta/aegis,{}
seung-lab/mapbuffer,{}
idaproject/django-ajax-image-upload,{}
wbond/pymeta3,{}
mpariente/Ranger-Deep-Learning-Optimizer,{}
hukkin/mdformat-shfmt,{}
apangasa/bestof,{}
briancappello/sqlalchemy-unchained,{}
sraashis/easytorch,{}
percevalw/pysimstring,{}
dany74q/python-apache-ignite,{}
mabrownnyu/youtube-data-api,{}
devision-io/metasdk,{}
jayclassless/setoptconf,{}
Bonifatius94/ChessAI.Py,{}
ylogx/configparser2,{}
podhmo/magicalimport,{}
xujiuming/jiuming-tools,{}
graingert/pkgutil-resolve-name,{}
hgromer/pymarshaler,{}
aforren1/patlas,{}
mickaelperrin/onepassword-local-search,{}
asmodehn/timecontrol,{}
cielavenir/python-slz,{}
bthornton191/adamspy,{}
sibytes/yetl,{}
Luke-zhang-04/CanvasPlus,{}
marciogameiro/DSGRN,{}
jmwoloso/the_refinery_toolkit,{}
ocefpaf/cf-units,{}
toddsifleet/retrypy,{}
obulkin/string-dist,{}
jpivarski/PartiQL,{}
mauwii/PyPatchMatch,{}
meanmail-dev/flake8-super,{}
konodyuk/kts,{}
nickderobertis/py-mixins,{}
IBM/dse-decision-optimization-utilities,{}
shichaoji/easyLDA,{}
aboutcode-org/dparse2,{}
Stimson-Center/stimson-web-scraper,{}
agent-based-information-flow-simulation/agents-assembly-translator,{}
rbuffat/pyepw,{}
jonmmease/vl-convert,{}
timmo001/system-bridge-cli,{}
awesometoolbox/otf2ttf,{}
lebalz/smartphone-connector,{}
robdmc/easier,{}
jasonbeverage/django-token,{}
jessekrubin/jsonc2json,{}
codazoda/tomark,{}
kavvkon/gams-api,{}
nasifimtiazohi/depdive,{}
Drakkar-Software/simplifiedpytrends,{}
Lax125/renderer,{}
matthiasnwt/feret,{}
entity-neural-network/entity-gym-rs,{}
VIVelev/PyDojoML,{}
ferrix/xff,{}
adriangb/routrie,{}
jirvingphd/fsds_100719,{}
saltstack/python-tools-scripts,{}
abbot/m2ext,{}
10mohi6/slack-webhook-python,{}
cs91chris/flaskel,{}
icaropires/django-singleton-model,{}
thoughtnirvana/xmldict,{}
Chipdelmal/MoNeT_MGDrivE,{}
darklow/django-suit-redactor,{}
combatopera/minBlepy,{}
aboutcode-org/plugincode,{}
thomassampson/intelex_sdk,{}
FrantisekGazo/capy,{}
andrey-git/waqi-async,{}
Pawamoy/django-appsettings,{}
fagci/fapy,{}
chambln/plover-phenrsteno,{}
MaxwellGBrown/sphinx-websequencediagrams,{}
flaxandteal/berlin-py,{}
Jasonsey/Fern,{}
runsascoded/utz,{}
autoscatto/mastojeppetto,{}
kurtbrose/objex,{}
b10m/ziggo_mediabox_xl,{}
buddhhu/localdb.json,{}
BrewBlox/brewblox-history,{}
simonsdave/cloudfeaster,{}
icemac/icemac.addressbook,{}
grantps/superhelp,{}
casperfibaek/buteo,{}
tusharsadhwani/json_parser,{}
zhs007/trdb2py,{}
nejucomo/preconditions,{}
Bill13579/pyprog,{}
honnibal/thinc,{}
eshaan7/click-creds,{}
archinetai/audio-encoders-pytorch,{}
toastdriven/django-tastypie,{}
bradbase/xlfunctions,{}
BM32ESRF/lauetools,{}
miguelcb84/coc-client,{}
eXamadeus-zz/godaddypy,{}
schedutron/flask-common,{}
sandialabs/bientropy,{}
c-bata/optuna-dashboard,{}
akin-tekeoglu/flask-trace-util,{}
rmorshea/purly,{}
amatino-code/nozomi,{}
phaxio/phaxio-python,{}
narenaryan/promptml,{}
john-lowry/pyincapsula,{}
zoho/zohocrm-python-sdk,{}
RedHat-Eng-PGM/python-ldap2jira,{}
benleb/horimote,{}
wuyue92tree/crwy,{}
SAPTeamDEV/prot,{}
apple/dnikit,{}
polyaxon/haupt,{}
malcolmgreaves/pywise,{}
smok-serwis/coolamqp,{}
iDutchy/discord.py,{}
urllib3/urllib3-secure-extra,{}
bthate/evrm,{}
pb-/datadispatch,{}
Topazoo/dead_simple_framework,{}
enorganic/sob,{}
bruxy70/ComAp,{}
ionelmc/python-file,{}
frostming/cacheyou,{}
snoonetIRC/cleverwrap.py,{}
enorganic/daves-dev-tools,{}
ramshaw888/tox-auto-env,{}
pseudomuto/kazurator,{}
shane-kercheval/oo-learning,{}
MassMesh/mm-cli,{}
neosergio/random-address,{}
Locu-Unofficial/locu-python,{}
scottstanie/sardem,{}
seung-lab/compresso,{}
carlos-rian/pysqlx-core,{}
reubano/mezmorize,{}
popescunsergiu/pytest-selenium-enhancer,{}
jedie/bootstrap_env,{}
daanvdk/is_valid,{}
dfiel/greenwavereality,{}
CraveFood/django-haystack-elasticsearch,{}
TaiSakuma/AlphaTwirl,{}
ratsgo/ratsnlp,{}
calee14/gesture-recognizer,{}
debnet/common-framework,{}
AFoeee/additional-urwid-widgets,{}
OpenBigDataPlatform/hivejdbc,{}
neudinger/pyDockRMSD,{}
fedosov/updates,{}
wagtail/django-permissionedforms,{}
Flowminder/pytest-airflow,{}
jarshwah/flake8_formatter_abspath,{}
wwj718/codelab_adapter_client,{}
WISE-AIFS/afs2-datasource,{}
struts2spring/sql-editor,{}
nickderobertis/data-code,{}
