"","x"
"1","0b01001001/spectree"
"2","0rpc/zerorpc-python"
"3","1adrianb/face-alignment"
"4","3YOURMIND/django-migration-linter"
"5","4teamwork/ftw.upgrade"
"6","ARMmbed/mbed-os-tools"
"7","ARMmbed/mbed-tools"
"8","AirtestProject/Airtest"
"9","AirtestProject/Poco"
"10","AlexandreDecan/portion"
"11","AlexandreDecan/sismic"
"12","Anorov/PySocks"
"13","Archmonger/django-dbbackup"
"14","Arkq/flake8-requirements"
"15","Azure/azure-cosmos-python"
"16","Azure/azure-data-lake-store-python"
"17","Azure/azure-storage-python"
"18","AzureAD/azure-activedirectory-library-for-python"
"19","Backblaze/B2_Command_Line_Tool"
"20","BaguaSys/bagua"
"21","BenBrostoff/draftfast"
"22","BloodAxe/pytorch-toolbelt"
"23","Bogdanp/dramatiq"
"24","Breakthrough/PySceneDetect"
"25","ByteInternet/drf-oidc-auth"
"26","ByteInternet/pip-install-privates"
"27","CAVEconnectome/EMAnnotationSchemas"
"28","CITGuru/PyInquirer"
"29","Cadair/jupyter_environment_kernels"
"30","CalebBell/thermo"
"31","Calysto/metakernel"
"32","CamDavidsonPilon/lifetimes"
"33","CartoDB/cartoframes"
"34","ChristianTremblay/BAC0"
"35","Cog-Creators/Red-Lavalink"
"36","ColinDuquesnoy/QDarkStyleSheet"
"37","Cornices/cornice"
"38","Crunch-io/pycrunch"
"39","CycloneDX/cyclonedx-python"
"40","DQinYuan/chinese_province_city_area_mapper"
"41","DataBiosphere/toil"
"42","DataDog/integrations-core"
"43","DerwenAI/pytextrank"
"44","Diaoul/subliminal"
"45","Digital-Sapphire/PyUpdater"
"46","DiscordBotPortalJP/dispander"
"47","EFS-OpenSource/calibration-framework"
"48","EmilStenstrom/conllu"
"49","EnergieID/entsoe-py"
"50","Erotemic/ubelt"
"51","Evolution0/bandcamp-dl"
"52","Finistere/antidote"
"53","FlorianRhiem/pyGLFW"
"54","FraBle/python-sutime"
"55","Frozen-Flask/Frozen-Flask"
"56","GIScience/openrouteservice-py"
"57","GeeWee/django-auto-prefetching"
"58","GehirnInc/python-jwt"
"59","GeospatialPython/pyshp"
"60","Guake/guake"
"61","HDE/python-lambda-local"
"62","HXLStandard/libhxl-python"
"63","HassenPy/django-pdb"
"64","HealthByRo/drf_tweaks"
"65","HumanCellAtlas/dcp-cli"
"66","Hydrospheredata/hydro-serving-protos"
"67","HypothesisWorks/hypothesis"
"68","ICRAR/ijson"
"69","IdentityPython/djangosaml2"
"70","Infinidat/infi.clickhouse_orm"
"71","Infinidat/munch"
"72","IntelRealSense/librealsense"
"73","JAMdotTech/py-scale-codec"
"74","JasonKessler/scattertext"
"75","JeffLIrion/adb_shell"
"76","JeremyCCHsu/Python-Wrapper-for-World-Vocoder"
"77","JoMingyu/google-play-scraper"
"78","JohnSnowLabs/spark-nlp"
"79","JonathanHolvey/sharepy"
"80","JonathonReinhart/staticx"
"81","Jrohy/multi-v2ray"
"82","JulienPalard/Pipe"
"83","JustAnotherArchivist/snscrape"
"84","KAMONOHASHI/kamonohashi"
"85","KimiNewt/pyshark"
"86","KrishnaswamyLab/PHATE"
"87","LKI/chinese-calendar"
"88","LedgerHQ/blue-loader-python"
"89","MIC-DKFZ/batchgenerators"
"90","MIT-LCP/wfdb-python"
"91","MaistrenkoAnton/django-material-admin"
"92","MaltegoTech/maltego-trx"
"93","MarketSquare/robotframework-SikuliLibrary"
"94","Martiusweb/asynctest"
"95","MattParr/python-atws"
"96","Mayitzin/ahrs"
"97","MicrochipTech/cryptoauthlib"
"98","Microsoft/Cognitive-Face-Python"
"99","MikeWooster/api-client"
"100","Mottie/tablesorter"
"101","MrOlm/drep"
"102","MultiQC/MultiQC"
"103","Nike-Inc/cerberus-python-client"
"104","NoneGG/aredis"
"105","Nuitka/Nuitka"
"106","O365/python-o365"
"107","OCA/openupgradelib"
"108","OCA/pylint-odoo"
"109","OlafenwaMoses/ImageAI"
"110","OpenNMT/Tokenizer"
"111","OpenUpSA/wazimap"
"112","PX4/pyulog"
"113","Parallels/rq-dashboard"
"114","Phlya/adjustText"
"115","Phylliade/ikpy"
"116","PmagPy/PmagPy"
"117","PyFilesystem/s3fs"
"118","PyHDI/Pyverilog"
"119","PyMySQL/PyMySQL"
"120","Pyomo/pyomo"
"121","RKrahl/pytest-dependency"
"122","ROBOTIS-GIT/DynamixelSDK"
"123","RallyTools/RallyRestToolkitForPython"
"124","RedHatQE/widgetastic.core"
"125","RedHatQE/widgetastic.patternfly4"
"126","RobinL/fuzzymatcher"
"127","RobotWebTools/roslibpy"
"128","Rockhopper-Technologies/enlighten"
"129","RonnyPfannschmidt/prance"
"130","SFDO-Tooling/CumulusCI"
"131","Sage-Bionetworks/synapsePythonClient"
"132","SathyaBhat/spotify-dl"
"133","SeldonIO/seldon-core"
"134","Skyscanner/cfripper"
"135","SmileyChris/django-countries"
"136","Snooz82/robotframework-datadriver"
"137","Swind/pure-python-adb"
"138","SystemRDL/systemrdl-compiler"
"139","TRI-AMDD/beep"
"140","TeamHG-Memex/scrapy-rotating-proxies"
"141","TeamMsgExtractor/msg-extractor"
"142","TencentCloud/tencentcloud-cli"
"143","Terrance/SkPy"
"144","TheHive-Project/Cortex-Analyzers"
"145","Thibauth/python-pushover"
"146","Top-gg-Community/python-sdk"
"147","ToucanToco/toucan-data-sdk"
"148","TyMaszWeb/django-cookie-law"
"149","UDST/osmnet"
"150","UMIACS/rgwadmin"
"151","VirusTotal/vt-py"
"152","WhyNotHugo/python-barcode"
"153","XLSForm/pyxform"
"154","Yelp/pyramid_swagger"
"155","Yupeek/django-rest-models"
"156","aaugustin/django-sequences"
"157","aaugustin/django-sesame"
"158","aboSamoor/pycld2"
"159","adafruit/Adafruit_IO_Python"
"160","adamchainz/apig-wsgi"
"161","adamchainz/flake8-comprehensions"
"162","adamlwgriffiths/Pyrr"
"163","addisonlynch/iexfinance"
"164","aequitas/python-rflink"
"165","agronholm/apscheduler"
"166","aichaos/rivescript-python"
"167","aio-libs-abandoned/aioredis-py"
"168","aio-libs/aiohttp"
"169","aio-libs/aiohttp-cors"
"170","aio-libs/aiohttp-jinja2"
"171","aio-libs/aiosmtpd"
"172","aio-libs/janus"
"173","aio-libs/sockjs"
"174","airspeed-velocity/asv"
"175","ajslater/codex"
"176","aklajnert/pytest-subprocess"
"177","akolpakov/django-unused-media"
"178","al45tair/netifaces"
"179","albarji/proxTV"
"180","alchem0x2A/py-wdf-reader"
"181","alecthomas/voluptuous"
"182","alessandromaggio/pythonping"
"183","alexprengere/currencyconverter"
"184","aliyun/aliyun-openapi-python-sdk"
"185","allo-media/text2num"
"186","altendky/pyqt-tools"
"187","amosbastian/fpl"
"188","ampl/amplpy"
"189","amueller/introduction_to_ml_with_python"
"190","amueller/word_cloud"
"191","annotation/text-fabric"
"192","ansible/ansible-lint"
"193","ansible/molecule"
"194","appium/appium-flutter-driver"
"195","appknox/pyaxmlparser"
"196","apple/turicreate"
"197","appsembler/figures"
"198","arthurdejong/python-stdnum"
"199","asdf-format/asdf"
"200","ashleysommer/sanic-cors"
"201","ask/mode"
"202","asottile/add-trailing-comma"
"203","asottile/all-repos"
"204","astraw38/pytest-assume"
"205","astropy/astropy-healpix"
"206","astropy/pyvo"
"207","asweigart/pyautogui"
"208","automl/ConfigSpace"
"209","autopilot-rs/autopy"
"210","avast/pytest-docker"
"211","aws/aws-dynamodb-encryption-python"
"212","aws/aws-parallelcluster"
"213","aws/aws-step-functions-data-science-sdk-python"
"214","aws/aws-xray-sdk-python"
"215","aws/sagemaker-python-sdk"
"216","azavea/django-amazon-ses"
"217","bashtage/arch"
"218","basler/pypylon"
"219","bavovanachte/sphinx-wavedrom"
"220","beelit94/python-terraform"
"221","biolab/orange3-bioinformatics"
"222","biolab/orange3-geo"
"223","bisohns/search-engine-parser"
"224","bjodah/chempy"
"225","blockchain-etl/ethereum-etl"
"226","bmoscon/cryptofeed"
"227","bndr/pipreqs"
"228","bnjmnp/pysoem"
"229","boto/boto3"
"230","box/box-python-sdk"
"231","brentp/cyvcf2"
"232","brentvollebregt/auto-py-to-exe"
"233","bridgecrewio/checkov"
"234","broamski/aws-mfa"
"235","brython-dev/brython"
"236","btubbs/sseclient"
"237","burke-software/django-mass-edit"
"238","caronc/apprise"
"239","carsonyl/pypac"
"240","cartologic/cartoview"
"241","casperdcl/git-fame"
"242","celery/django-celery-beat"
"243","celery/kombu"
"244","celiao/tmdbsimple"
"245","certbot/certbot"
"246","cevoaustralia/aws-google-auth"
"247","cfn-sphere/cfn-sphere"
"248","chanzuckerberg/miniwdl"
"249","chemprop/chemprop"
"250","chorsley/python-Wappalyzer"
"251","chrissimpkins/cinder"
"252","christiansafka/img2vec"
"253","cinemagoer/cinemagoer"
"254","cisco/mindmeld"
"255","cjekel/piecewise_linear_fit_py"
"256","cloud-custodian/cloud-custodian"
"257","cloudendpoints/endpoints-management-python"
"258","cloudtools/troposphere"
"259","cmbant/getdist"
"260","coddingtonbear/django-measurement"
"261","coinbase/coinbase-python"
"262","colcon/colcon-bundle"
"263","colcon/colcon-output"
"264","coleifer/peewee"
"265","coleifer/unqlite-python"
"266","collective/collective.z3cform.datagridfield"
"267","common-workflow-language/schema_salad"
"268","constverum/ProxyBroker"
"269","coreruleset/ftw"
"270","corydolphin/flask-cors"
"271","crate/crate-python"
"272","crdoconnor/strictyaml"
"273","cronofy/pycronofy"
"274","cs50/style50"
"275","cs50/submit50"
"276","cslashm/ECPy"
"277","czue/celery-progress"
"278","dabeaz/curio"
"279","dalibo/ldap2pg"
"280","danieliu/play-scraper"
"281","danielkaiser/python-chromedriver-binary"
"282","danielperna84/pyhomematic"
"283","danimaribeiro/PyTrustNFe"
"284","dankamongmen/notcurses"
"285","daquexian/onnx-simplifier"
"286","dask/dask-xgboost"
"287","dbc-team/dash-bootstrap-components"
"288","dbcli/cli_helpers"
"289","dbt-labs/hologram"
"290","decalage2/olefile"
"291","deeptools/deepTools"
"292","demisto/demisto-py"
"293","dfki-ric/pytransform3d"
"294","dfurtado/dataclass-csv"
"295","dhylands/rshell"
"296","dimagi/commcare-export"
"297","dimagi/django-cte"
"298","disposable-email-domains/disposable-email-domains"
"299","divio/aldryn-forms"
"300","django-background-tasks/django-background-tasks"
"301","django-cms/django-classy-tags"
"302","django-cms/django-filer"
"303","django-cms/djangocms-file"
"304","django-commons/django-cookie-consent"
"305","django-commons/django-prometheus"
"306","django-fiber/django-fiber"
"307","django-guardian/django-guardian"
"308","django-ldapdb/django-ldapdb"
"309","django-mptt/django-mptt"
"310","django-oauth/django-oauth-toolkit"
"311","django-ses/django-ses"
"312","django-webtest/django-webtest"
"313","djc/rnc2rng"
"314","dmnfarrell/tkintertable"
"315","dmort27/epitran"
"316","dnanexus/dx-toolkit"
"317","doomedraven/VirusTotalApi"
"318","douban/pymesos"
"319","dreal/dreal4"
"320","dropbox/PyHive"
"321","drvinceknight/Nashpy"
"322","dschep/ntfy"
"323","dwavesystems/dwave-networkx"
"324","earwig/mwparserfromhell"
"325","ecmwf/eccodes-python"
"326","eddyxu/cpp-coveralls"
"327","edgraham/BinSanity"
"328","edoburu/django-private-storage"
"329","ekzhu/datasketch"
"330","elapouya/python-docx-template"
"331","elastic/curator"
"332","elastic/elasticsearch-dsl-py"
"333","elastic/elasticsearch-py-async"
"334","elceef/dnstwist"
"335","eliben/pycparser"
"336","eliorc/node2vec"
"337","elyase/geotext"
"338","encode/broadcaster"
"339","enriquegh/spotify-webplayer-token"
"340","epoch8/airflow-exporter"
"341","equinor/ert"
"342","equinor/segyio"
"343","ericsomdahl/python-bittrex"
"344","escaped/django-inline-actions"
"345","ethanfurman/dbf"
"346","ethereum/eth-tester"
"347","ethereum/populus"
"348","ethereum/pyethereum"
"349","etianen/django-reversion"
"350","etsy/boundary-layer"
"351","exasol/pyexasol"
"352","explodinglabs/jsonrpcserver"
"353","explosion/cython-blis"
"354","fabioz/PyDev.Debugger"
"355","facebookresearch/hiplot"
"356","facelessuser/pymdown-extensions"
"357","facetoe/zenpy"
"358","falconry/falcon"
"359","fastai/fastai"
"360","fastavro/fastavro"
"361","fastlmm/FaST-LMM"
"362","fauna/faunadb-python"
"363","fbchat-dev/fbchat"
"364","fbradyirl/openwrt-luci-rpc"
"365","fdemmer/django-weasyprint"
"366","fedora-infra/fedmsg"
"367","feincms/feincms3"
"368","filcole/pycarwings2"
"369","fitnr/convertdate"
"370","flairNLP/flair"
"371","flavors/django-graphql-jwt"
"372","flennerhag/mlens"
"373","floydwch/kaggle-cli"
"374","flyte/upnpclient"
"375","frictionlessdata/datapackage-py"
"376","fxsjy/jieba"
"377","galaxyproject/bioblend"
"378","gbrammer/grizli"
"379","geomet/geomet"
"380","geopy/geopy"
"381","getgauge/gauge-python"
"382","getsentry/raven-python"
"383","gigalixir/gigalixir-cli"
"384","giotto-ai/giotto-tda"
"385","gjcarneiro/yacron"
"386","gleitz/howdoi"
"387","glitchassassin/lackey"
"388","gmplot/gmplot"
"389","gnuradio/pybombs"
"390","godaddy/tartufo"
"391","goinnn/django-multiselectfield"
"392","goldmann/docker-squash"
"393","google-deepmind/sonnet"
"394","google/neuroglancer"
"395","google/textfsm"
"396","googleapis/google-cloud-python"
"397","googleapis/google-cloud-python-happybase"
"398","googleapis/google-resumable-media-python"
"399","googleapis/python-crc32c"
"400","googleapis/python-runtimeconfig"
"401","googledatalab/pydatalab"
"402","googlesamples/assistant-sdk-python"
"403","gristlabs/asttokens"
"404","grm/py-smart-gardena"
"405","grpc/grpc"
"406","gruns/furl"
"407","gtalarico/pyairtable"
"408","gtaylor/python-colormath"
"409","gunthercox/ChatterBot"
"410","gwastro/pycbc"
"411","gweis/isodate"
"412","h2non/filetype.py"
"413","harfbuzz/uharfbuzz"
"414","havakv/pycox"
"415","hbldh/pybankid"
"416","hearsaycorp/django-livefield"
"417","hellock/icrawler"
"418","hfaran/slack-export-viewer"
"419","hhursev/recipe-scrapers"
"420","hmmlearn/hmmlearn"
"421","home-assistant-libs/pytradfri"
"422","home-assistant/frontend"
"423","httprunner/httprunner"
"424","huggingface/neuralcoref"
"425","huji-nlp/ucca"
"426","hypermodeinc/pydgraph"
"427","iamDecode/sklearn-pmml-model"
"428","icometrix/dicom2nifti"
"429","idlesign/vininfo"
"430","influxdata/influxdb-python"
"431","intel/ipex-llm"
"432","inveniosoftware/invenio"
"433","inveniosoftware/invenio-app"
"434","inveniosoftware/invenio-oauth2server"
"435","invisibleroads/socketIO-client"
"436","ionelmc/pytest-benchmark"
"437","iotile/coretools"
"438","ipeaGIT/geobr"
"439","irods/python-irodsclient"
"440","iver56/audiomentations"
"441","jacobgil/pytorch-grad-cam"
"442","jalan/pdftotext"
"443","jaraco/irc"
"444","jarus/flask-testing"
"445","jasonrbriggs/stomp.py"
"446","jazzband/django-admin-sortable"
"447","jazzband/django-formtools"
"448","jazzband/django-pipeline"
"449","jazzband/django-recurrence"
"450","jazzband/django-sortedm2m"
"451","jazzband/django-tinymce"
"452","jazzband/djangorestframework-simplejwt"
"453","jd/tenacity"
"454","jesserizzo/envoy_reader"
"455","jjjake/internetarchive"
"456","jmcarpenter2/swifter"
"457","jmcnamara/XlsxWriter"
"458","joanvila/aioredlock"
"459","joeyism/linkedin_scraper"
"460","joeyism/py-edgar"
"461","john-kurkowski/tldextract"
"462","johnveitch/cpnest"
"463","joke2k/django-environ"
"464","jonashaag/bjoern"
"465","jonasundderwolf/django-image-cropping"
"466","jongracecox/anybadge"
"467","jopohl/urh"
"468","josiahcarlson/rom"
"469","jpadilla/django-rest-framework-xml"
"470","jquery/jquery-migrate"
"471","jrief/django-admin-sortable2"
"472","jruizgit/rules"
"473","jsbronder/asyncio-dgram"
"474","jsocol/pystatsd"
"475","jsonpickle/jsonpickle"
"476","juju/python-libjuju"
"477","jupyter/jupyter-sphinx"
"478","jupyterhub/jupyter-rsession-proxy"
"479","kbytesys/django-recaptcha3"
"480","kelproject/pykube"
"481","kennedyshead/aioasuswrt"
"482","keplergl/kepler.gl"
"483","keras-team/keras-applications"
"484","keras-team/keras-preprocessing"
"485","kernc/backtesting.py"
"486","kislyuk/yq"
"487","kivy/python-for-android"
"488","klahnakoski/mo-sql-parsing"
"489","klen/mixer"
"490","klen/peewee_migrate"
"491","klen/pylama"
"492","knipknap/exscript"
"493","komuw/sewer"
"494","kootenpv/contractions"
"495","kootenpv/yagmail"
"496","kplindegaard/smbus2"
"497","kragniz/python-etcd3"
"498","kurtmckee/feedparser"
"499","labd/commercetools-python-sdk"
"500","ladisk/pyuff"
"501","ladybug-tools/ladybug-comfort"
"502","ladybug-tools/lbt-honeybee"
"503","lanl/pyxDamerauLevenshtein"
"504","laserson/squarify"
"505","learningequality/kolibri-exercise-perseus-plugin"
"506","lh3/minimap2"
"507","liiight/notifiers"
"508","lilab-bcb/cirrocumulus"
"509","lilydjwg/nvchecker"
"510","line/line-bot-sdk-python"
"511","linnarsson-lab/loompy"
"512","liormizr/s3path"
"513","lmdu/pyfastx"
"514","lnoor/sphinx-jsonschema"
"515","loli/medpy"
"516","lovit/soynlp"
"517","luizalabs/ramos"
"518","mahmoud/boltons"
"519","mapbox/mercantile"
"520","marazt/object-mapper"
"521","marcelotduarte/cx_Freeze"
"522","mariostoev/finviz"
"523","materialsproject/emmet"
"524","mattijn/topojson"
"525","maxpumperla/hyperas"
"526","mcmtroffaes/sphinxcontrib-bibtex"
"527","mcordts/cityscapesScripts"
"528","mdomke/schwifty"
"529","meraki-analytics/cassiopeia"
"530","mercadopago/sdk-python"
"531","meshcat-dev/meshcat-python"
"532","mgaitan/sphinxcontrib-mermaid"
"533","mher/flower"
"534","miguelgrinberg/python-socketio"
"535","mikf/gallery-dl"
"536","minrk/findspark"
"537","mir-evaluation/mir_eval"
"538","missinglinkelectronics/sphinxcontrib-svg2pdfconverter"
"539","mitmproxy/mitmproxy"
"540","mitya57/secretstorage"
"541","miyakogi/m2r"
"542","mkorpela/pabot"
"543","mocobeta/janome"
"544","modin-project/modin"
"545","modoboa/modoboa-radicale"
"546","mongodb-labs/flask-pymongo"
"547","moses-palmer/pynput"
"548","mosquito/aio-pika"
"549","motioneye-project/motioneye"
"550","mottosso/Qt.py"
"551","mozilla/bleach"
"552","mozilla/jupyter-spark"
"553","mpmath/mpmath"
"554","mrts/django-admin-list-filter-dropdown"
"555","mtkennerly/dunamai"
"556","mutpy/mutpy"
"557","mvexel/overpass-api-python-wrapper"
"558","myusuf3/delorean"
"559","n0nSmoker/SQLAlchemy-serializer"
"560","nabla-c0d3/sslyze"
"561","nanoporetech/megalodon"
"562","natcap/taskgraph"
"563","nccgroup/Scout2"
"564","nelfin/pylint-protobuf"
"565","nephila/djangocms-redirect"
"566","newrelic/newrelic-python-agent"
"567","nickmckay/LiPD-utilities"
"568","nithinmurali/pygsheets"
"569","nkgilley/python-ecobee-api"
"570","nlpub/pymystem3"
"571","nmslib/hnswlib"
"572","nnseva/django-jsoneditor"
"573","noxdafox/pebble"
"574","nschloe/tuna"
"575","nshafer/django-hashid-field"
"576","nucleic/kiwi"
"577","nyergler/hieroglyph"
"578","obspy/obspy"
"579","ocrmypdf/OCRmyPDF"
"580","ofek/bit"
"581","okta-awscli/okta-awscli"
"582","olist/correios"
"583","omarryhan/aiogoogle"
"584","omnilib/aiosqlite"
"585","onelivesleft/PrettyErrors"
"586","onelogin/onelogin-python-aws-assume-role"
"587","online-judge-tools/oj"
"588","onnx/onnx-tensorflow"
"589","openai/openai-python"
"590","opencv/opencv-python"
"591","openedx/xblock-lti-consumer"
"592","openfisca/openfisca-france"
"593","openreview/openreview-py"
"594","orcasgit/django-fernet-fields"
"595","osmcode/pyosmium"
"596","pahaz/sshtunnel"
"597","pallets-eco/flask-sqlalchemy"
"598","pallets/itsdangerous"
"599","panda3d/panda3d"
"600","paolodragone/pymzn"
"601","parrt/random-forest-importances"
"602","paulfitz/daff"
"603","paulocheque/django-dynamic-fixture"
"604","peterbe/django-cache-memoize"
"605","peterjc/flake8-black"
"606","pitchmuc/adobe-analytics-api-2.0"
"607","planetlabs/planet-client-python"
"608","plangrid/flask-rebar"
"609","plone/plone.api"
"610","plone/plone.app.blocks"
"611","plone/plone.app.workflow"
"612","plone/plone.protect"
"613","plone/plone.staticresources"
"614","plone/plone.testing"
"615","plone/plone.z3cform"
"616","pmaupin/pdfrw"
"617","pnpnpn/timeout-decorator"
"618","ponyorm/pony"
"619","poppy-project/pypot"
"620","ppannuto/python-titlecase"
"621","prestodb/presto-python-client"
"622","projectfluent/python-fluent"
"623","prompt-toolkit/python-prompt-toolkit"
"624","prschmid/zoomus"
"625","psf/cachecontrol"
"626","pulumi/pulumi-docker"
"627","pulumi/pulumi-gcp"
"628","pulumi/pulumi-vsphere"
"629","pwaller/pyfiglet"
"630","py-pa/django-minio-storage"
"631","py-sdl/py-sdl2"
"632","pyauth/python-pkcs11"
"633","pybamm-team/PyBaMM"
"634","pybind/pybind11"
"635","pyexcel/pyexcel-ods"
"636","pyexcel/pyexcel-xlsx"
"637","pyimgui/pyimgui"
"638","pylessard/python-udsoncan"
"639","pylint-dev/pylint"
"640","pylti/lti"
"641","pymodbus-dev/pymodbus"
"642","pympler/pympler"
"643","pynetwork/pypcap"
"644","pypa/packaging"
"645","pypa/pyproject-hooks"
"646","pypa/readme_renderer"
"647","pypa/sampleproject"
"648","pyparsing/pyparsing"
"649","pyradius/pyrad"
"650","pysal/spaghetti"
"651","pysam-developers/pysam"
"652","pytest-dev/pyfakefs"
"653","pytest-dev/pytest-bdd"
"654","pytest-dev/pytest-metadata"
"655","pytest-dev/pytest-repeat"
"656","pytest-dev/pytest-testinfra"
"657","pytest-dev/pytest-timeout"
"658","python-cachier/cachier"
"659","python-escpos/python-escpos"
"660","python-mechanize/mechanize"
"661","python-openapi/openapi-core"
"662","python-pendulum/pendulum"
"663","python-rapidjson/python-rapidjson"
"664","python-rope/rope"
"665","python-semantic-release/python-semantic-release"
"666","python-trio/trio"
"667","python/python-docs-theme"
"668","python273/vk_api"
"669","pytoolz/cytoolz"
"670","pytoolz/toolz"
"671","pytorch/pytorch"
"672","pytorch/vision"
"673","pyupio/safety"
"674","pyxnat/pyxnat"
"675","qmk/qmk_cli"
"676","qpsolvers/qpsolvers"
"677","quantopian/trading_calendars"
"678","quodlibet/mutagen"
"679","rahiel/telegram-send"
"680","raiden-network/raiden"
"681","raimon49/pip-licenses"
"682","ralphje/django-internationalflavor"
"683","ranaroussi/qtpylib"
"684","randy3k/radian"
"685","raphaelm/python-fints"
"686","rasjani/webdrivermanager"
"687","redacted/XKCD-password-generator"
"688","reecetech/pactman"
"689","refnx/refnx"
"690","rehabstudio/fbmessenger"
"691","richardkiss/pycoin"
"692","richardpenman/reverse_geocode"
"693","ringcentral/ringcentral-python"
"694","riotkit-org/backup-repository"
"695","robin900/gspread-dataframe"
"696","rocky/python-uncompyle6"
"697","rominf/profanity-filter"
"698","roy-ht/editdistance"
"699","rr-/screeninfo"
"700","rsheftel/pandas_market_calendars"
"701","rtqichen/torchdiffeq"
"702","rueckstiess/mtools"
"703","rugleb/JsonCompare"
"704","rushter/selectolax"
"705","rusty1s/pytorch_sparse"
"706","rveachkc/pymsteams"
"707","rycus86/prometheus_flask_exporter"
"708","saltstack/libnacl"
"709","sbi-rviot/ph_table"
"710","scaleway/python-scaleway"
"711","scikit-fuzzy/scikit-fuzzy"
"712","scikit-hep/uproot3-methods"
"713","scikit-learn-contrib/skope-rules"
"714","scikit-video/scikit-video"
"715","scoder/lupa"
"716","scottwernervt/cloudstorage"
"717","scrapy/w3lib"
"718","sdelements/django-security"
"719","sebp/scikit-survival"
"720","secure-systems-lab/securesystemslib"
"721","segmentio/analytics-python"
"722","sehmaschine/django-grappelli"
"723","sendgrid/python-http-client"
"724","sendgrid/sendgrid-python"
"725","sendgrid/smtpapi-python"
"726","seperman/deepdiff"
"727","serhatbolsu/robotframework-appiumlibrary"
"728","shidenggui/easyquotation"
"729","shidenggui/easytrader"
"730","simonpercivall/astunparse"
"731","sivel/speedtest-cli"
"732","skelsec/pypykatz"
"733","skoczen/django-seo-js"
"734","sksq96/pytorch-summary"
"735","slhck/ffmpeg-normalize"
"736","smarie/python-pytest-cases"
"737","snakemake/snakemake"
"738","snorkel-team/snorkel"
"739","snower/TorMySQL"
"740","sourceperl/pyModbusTCP"
"741","sovrin-foundation/sovrin"
"742","spacetelescope/pysiaf"
"743","spdx/tools-python"
"744","spectralpython/spectral"
"745","sphinx-contrib/openapi"
"746","sphinx-contrib/spelling"
"747","splitio/python-client"
"748","spotify/annoy"
"749","springer-math/Mathematics-of-Epidemics-on-Networks"
"750","sqreen/PyMiniRacer"
"751","sripathikrishnan/redis-rdb-tools"
"752","ssanderson/python-interface"
"753","stardog-union/pystardog"
"754","stlehmann/pyads"
"755","suny-downstate-medical-center/netpyne"
"756","supermihi/pytaglib"
"757","suyashb95/WiktionaryParser"
"758","svenkreiss/html5validator"
"759","sympy/sympy"
"760","syrusakbary/snapshottest"
"761","taichi-dev/taichi"
"762","taishi-i/nagisa"
"763","taskcluster/taskcluster"
"764","taspinar/twitterscraper"
"765","tatterdemalion/django-nece"
"766","taxjar/taxjar-python"
"767","tbenthompson/cppimport"
"768","tdryer/hangups"
"769","tehmaze/xmodem"
"770","tensorflow/graphics"
"771","tensorflow/lucid"
"772","textstat/textstat"
"773","thaler-lab/EnergyFlow"
"774","theelous3/asks"
"775","theskumar/python-dotenv"
"776","theupdateframework/python-tuf"
"777","thomaxxl/safrs"
"778","thouska/spotpy"
"779","timotheus/ebaysdk-python"
"780","tintinweb/scapy-ssl_tls"
"781","tkarabela/pysubs2"
"782","tldr-pages/tldr-python-client"
"783","tompollard/tableone"
"784","toumorokoshi/transmute-core"
"785","tox-dev/tox-travis"
"786","tr11/python-configuration"
"787","treethought/flask-assistant"
"788","trent-b/iterative-stratification"
"789","trinodb/trino-python-client"
"790","trufflesecurity/trufflehog"
"791","tweepy/tweepy"
"792","twmht/python-rocksdb"
"793","ui/django-post_office"
"794","uiri/toml"
"795","ulfalizer/Kconfiglib"
"796","un33k/django-ipware"
"797","unionai-oss/pandera"
"798","untitaker/python-atomicwrites"
"799","uqfoundation/multiprocess"
"800","uqfoundation/pathos"
"801","utiasSTARS/pykitti"
"802","valohai/django-allauth-2fa"
"803","valohai/valohai-yaml"
"804","vapor-ware/kubetest"
"805","vapoursynth/vapoursynth"
"806","varlink/python"
"807","vega/altair"
"808","vertica/vertica-python"
"809","vinci1it2000/formulas"
"810","viniciuschiele/flask-apscheduler"
"811","viralogic/py-enumerable"
"812","wagtail/Willow"
"813","waynerv/flask-mailman"
"814","wbond/oscrypto"
"815","web-push-libs/pywebpush"
"816","web2py/pydal"
"817","webfp/tor-browser-selenium"
"818","williballenthin/python-evtx"
"819","willthames/ansible-review"
"820","wireservice/csvkit"
"821","wkeeling/selenium-wire"
"822","wmalgadey/PyTado"
"823","wntrblm/nox"
"824","wpietri/sucks"
"825","wsrpc/wsrpc-aiohttp"
"826","xflr6/graphviz"
"827","xhtml2pdf/xhtml2pdf"
"828","xmlsec/python-xmlsec"
"829","xtrinch/fcm-django"
"830","xzkostyan/clickhouse-sqlalchemy"
"831","yandex/gixy"
"832","yinkaisheng/Python-UIAutomation-for-Windows"
"833","yourlabs/django-autocomplete-light"
"834","yt-project/unyt"
"835","zabuldon/teslajsonpy"
"836","zakird/pyad"
"837","zalando-stups/kio-cli"
"838","zalando-stups/pierone-cli"
"839","zarr-developers/numcodecs"
"840","zerwes/hiyapyco"
"841","zhanghang1989/PyTorch-Encoding"
"842","zhangyunhao116/zmail"
"843","zigpy/zha-device-handlers"
"844","zigpy/zigpy-deconz"
"845","zillow/ctds"
"846","zopefoundation/AccessControl"
"847","zopefoundation/BTrees"
"848","zopefoundation/Products.GenericSetup"
"849","zopefoundation/Products.MailHost"
"850","zopefoundation/Products.Sessions"
"851","zopefoundation/ZConfig"
"852","zopefoundation/ZEO"
"853","zopefoundation/zope.index"
"854","zopefoundation/zope.publisher"
"855","zopefoundation/zope.testrunner"
"856","zostera/django-bootstrap4"
