event_type,text,date,person,url,label,close_reason,assignee,assigner,ref_type,ref_url,ref_title,ref_number,milestone,target_name,mentioned_by_type,mentioned_by_url
Comment,"**Describe the issue**
We want to have custom checks which span multiple resources connected together. 
To achieve this we can go the YAML way, but with more complex logic it will be better to use Python checks.
We need a Graph Parser so that we can traverse from one component to another connected component 

**Examples**
Let's assume we have the below components
1. EC2 instance
2. Security group: Attached to the EC2 instance
3. Inbound Rule: Part of the Security Group
Now we want to identify if any Inbound rule allows traffic from IP 0.0.0.0/0 then this should EC2 instance should be flagged.
However, if the EC2 instance has a tag with key:exempt value:True then this should not be flagged.
There are other cases like this for which we feel Python checks will be easier to implement

**Desktop (please complete the following information):**
 - OS: Linux
 - Checkov Version [e.g. 22]
 
**Additional context**
Add any other context about the problem here (e.g. code snippets).",2023-08-17T19:08:06Z,ankur7,https://github.com/bridgecrewio/checkov/issues/5451,,,,,,,,,,,,
LabelAdded,label added: graph,2023-08-17T19:08:06Z,ankur7,,graph,,,,,,,,,,,
Comment,"Thanks for contributing to Checkov!  We've automatically marked this issue as stale to keep our issues list tidy,  because it has not had any activity for 6 months.  It will be closed in 14 days if no further activity occurs.  Commenting on this issue will remove the stale tag. If you want to talk through the issue or help us understand the priority and context,  feel free to add a comment or join us in the Checkov slack channel at codifiedsecurity.slack.com
Thanks! 
",2024-02-16T03:32:36Z,stale,https://github.com/bridgecrewio/checkov/issues/5451#issuecomment-1947703797,,,,,,,,,,,,
LabelAdded,label added: stale,2024-02-16T03:32:39Z,stale,,stale,,,,,,,,,,,
Comment,"Closing issue due to inactivity. If you feel this is in error, please re-open, or reach out to the community via slack: codifiedsecurity.slack.com Thanks!
",2024-04-14T14:21:12Z,stale,https://github.com/bridgecrewio/checkov/issues/5451#issuecomment-2054077490,,,,,,,,,,,,
ClosedEvent,,2024-04-14T14:21:21Z,stale,,,,,,,,,,,,,
