actor_id,actor_login
7307,thinkerbot
17196,nicerobot
19335,klickverbot
25966,reconbot
27703,rajbot
35536,whoahbot
37695,R2robot
42520,jasonbot
45661,katiebot
51646,sysbot
63521,julien-lebot
85895,blackrobot
90347,handlerbot
91271,simmbot
93598,jasoncabot
101591,bbqchickenrobot
102849,bobot
113896,shawnbot
116893,thisismyrobot
122543,glenbot
123058,ohshazbot
147123,discobot
205636,egtalbot
213293,psobot
218561,ruebot
228950,teabot
242242,greenrobot
254139,rubot
274093,todbot
381155,jaibot
489000,kwrobot
593022,glickbot
597778,Acrobot
621054,rebot
673178,rahulbot
690041,nilbot
691322,TimidRobot
692538,sagalbot
695698,maurerbot
714119,btalbot
715331,vchabot
737709,thecodingrobot
752030,brunosabot
762926,chadchabot
778511,skarbot
787249,frankandrobot
805778,jarbot
806256,olgabot
819969,DrumRobot
870343,artfulrobot
873441,chadbot
873507,pirobot
937937,leontalbot
945169,testingbot
957097,pythobot
1029536,boenrobot
1043954,theo-bot
1145561,guillebot
1146050,roybotbot
1210785,adamscybot
1216025,mjtalbot
1225934,pawnbot
1243036,zenbot
1245675,taegoobot
1263539,miquelcabot
1276102,optibot
1286822,gamingrobot
1287471,meatbot
1292876,littlebigbot
1340967,benbot
1395685,fronzbot
1413154,sladebot
1434416,markrileybot
1437274,monobot
1470141,Mondobot
1520226,ninjarobot
1557328,hugues-talbot
1645674,pilbot
1655290,the80srobot
1655689,frostiebot
1674345,p-robot
1676600,tolleybot
1696443,dimitribarbot
1748061,Mailbot
1774206,erobot
1779249,openshift-bot
1789894,mikaelcabot
1834383,crybot
1839230,toddbot
1945406,anditherobot
2073716,ericstalbot
2102910,artemisbot
2140898,vadikrobot
2143631,Ugbot
2166853,mikechabot
2184765,bowbot
2228864,Noirbot
2250538,astrobot
2255191,jquerybot
2271599,benrobot
2343073,schrobot
2389292,jessebot
2448953,sepbot
2578363,Sadbot
2879666,darlingbot
2886835,EricPobot
2923085,h0bot
2954511,etiennetalbot
2984122,Vinrobot
2998253,grafikrobot
3025553,tristangrebot
3060316,imhotepbot
3123226,DrBrobot
3194385,dacelbot
3206950,JohnnySaibot
3208014,migbot
3307312,nicktalbot
3349028,lixiang-robot
3356710,crunchbot
3408480,dawsbot
3469132,googlerobot
3489856,fabiendibot
3628765,gianbot
3815176,phearbot
3834887,ictrobot
3975241,maxrobot
4093274,meltingrobot
4099071,grantbot
4106671,jailbot
4127956,reubot
4186198,kalistibot
4204181,angelbot
4216335,Maverobot
4427971,hpcugentbot
4429592,dchabot
4540644,owlbot
4558741,fredrikchabot
4577467,CoffeRobot
4641041,hellbot
4659562,steinybot
4663992,hoppipolla-critic-bot
4989679,yopbot
4997363,nicobot
5058599,edwinabot
5070459,leanrobot
5075323,wasprobot
5176491,awsomebot
5221024,futurobot
5240492,Drumbot
5243949,asfbot
5251028,dvdbot
5263834,codebot
5265089,klimbot
5384588,googlebot
5402388,Jugbot
5511385,roverrobot
5552660,FrancoisChabot
5562754,wgybzbrobot
5565274,l3robot
5586218,bunseokbot
5610659,akubot
5627299,lime-robot
5715614,cognitiveRobot
5755454,b166erbot
5785993,charlibot
5805482,jwplayer-robot
5875657,Zabot
5958899,Mascobot
6043497,depressiveRobot
6196466,TehRobot
6244191,uwu-bot
6294470,warrenisarobot
6422482,facebook-github-bot
6526199,pambot
6548453,gertnerbot
6576600,RustyBadRobot
6585283,ansibot
6610756,sgopsbot
6697940,houndci-bot
6831380,zangobot
7001982,deis-bot
7041598,9lgitrobot
7380929,wangcongrobot
7389911,jsdelivrbot
7417790,analyticsbot
7468558,spiderbot
7632939,harpribot
7656025,Schrembot
7700875,MikiRobot
7777621,nomnombot
7779494,jujubot
7796905,selfiebot
7872233,limpbot
7965770,sarbot
7974976,wal1ybot
7984567,danobot
8070825,talk2mybot
8133461,Mirkbot
8171668,calbot
8268044,freelawbot
8358519,jenfoxbot
8432571,iamthebot
8513886,bbpbuildbot
8669058,thepackbot
8699527,scikit-learn-bot
8723280,OCA-git-bot
8730013,nzspambot
8879897,human-robot
8988424,micabot
9011267,dotnet-bot
9052504,edx-build-bot
9299433,nathanieltalbot
9641784,apirobot
9701300,brookbot
9860674,ja-bot
10010231,landscape-bot
10069797,oca-transbot
10127976,matrixbot
10153298,leha-bot
10277610,jenkins-ci-bot
10350759,jasonm-makerbot
10365377,nottaanibot
10378541,goodluckbot
10587625,getsentry-bot
10605095,pulpbot
10722164,Roccobot
10777513,george-makerbot
10782881,bashfulrobot
10886281,cloudsmith-bot
10933553,vrobot
10964110,datastax-bot
10995762,paleolimbot
11021581,spyder-bot
11063852,DrR0bot
11130673,philtherobot
11206563,colbot
11473366,p2mbot
11544039,kitematicbot
11826153,qding-bot
11857704,tyler-abbot
11936937,RecursiveRobot
12139141,sweetrobot
12191032,dutchbot
12233665,gerritsyncbot
12379036,activeeon-bot
12491721,axellebot
12618239,mkhansenbot
12663931,amandabot
12690234,mbed-bot
12817534,adamrtalbot
12847390,the-code-robot
12873537,pytestbot
12973240,mitmbot
13030154,3dbluebot
13043177,bitlab-bot
13098994,420foxbot
13098994,foxbot
13107131,shaka-bot
13107131,shaka-player-bot
13113384,gutsy-robot
13227565,giotherobot
13266114,neilthefrobot
13316296,chybot
13711356,depsy-bot
13711356,doppins-bot
13744405,wonjongbot
13948305,ludwig-bot
13970152,meta-bot
14002299,wallebot
14092061,eth-jenkins-bot
14239840,meoww-bot
14315658,galaxybot
14318904,quantifiedcode-bot
14542386,gentoo-bot
14665275,lobot
14790466,greenkeeperio-bot
14830523,cb-sdk-robot
15130622,stratbot
15171012,crowdrobot
15421488,gitmate-bot
15609883,jan-nabot
15632565,friendly-test-bot
15710697,mention-bot
15921511,redobot
15983336,acsone-git-bot
15987048,roslyn-bot
16068028,jazzband-bot
16126912,WorkingRobot
16239342,pyup-bot
16262591,pantsbuild-jenkins-bot
16281457,battersbot
16321714,Homemaderobot
16353862,vmwclabot
16367972,balloobbot
16535445,jingweirobot
16564838,Friendly-Robot
16584454,renderbot
16742424,mytelegrambot
16753439,noob-saibot
16762060,arshbot
16910938,elmigbot
17142009,qmbot
17251836,onchobot
17327054,Wooden-Robot
17355066,nimblicbot
17398498,cinnabot
17550812,indigobot
17691144,watson-github-bot
17692467,dctalbot
17703479,tiendabot
17718013,VarCI-bot
17750050,vmwghbot
17803834,bioelectrobot
18103476,laurentribot
18118367,radobot
18128867,citus-bot
18198918,gitmagic-bot
18355396,hailbot
18445932,cwl-bot
18470668,prombot
18486276,not-a-robot
18504676,ferambot
18545370,kurubot
18572634,algoliareadmebot
18601979,nachobot
18644071,CloudRobot
18747875,conda-bot
19194751,RABCbot
19385446,timkabot
19474610,mattsrobot
19484372,xibot
19597944,twlabs-bot
19648849,apsconnectbot
19714097,orcabot
19733683,snyk-bot
19859884,gfbot
19940114,codacy-bot
19979279,dpebot
20007954,justinbot
20026075,kwant-bot
20040034,tjanez-bot
20117135,9cibot
20300069,fratambot
20407524,k8s-ci-robot
20515539,LindonAtChannelRobot
20604611,ManicRobot
20650283,justabot
20769643,zalando-robot
20866667,dagood-bot
20924203,mszbot
21005899,sidphbot
21015829,clubhouse[bot]
21015829,shortcut-integration[bot]
21100075,appknox-bot
21110593,fauna-bot
21112759,arsenalrobot
21240726,Cyanogenbot
21348156,npmcdn-to-unpkg-bot
21957446,pytorchbot
22104001,zoobot
22429695,codecov[bot]
22576980,handsomeRobot
22850637,TA-Robot
23005875,jsf-clabot
23040076,greenkeeper[bot]
23389040,edx-transifex-bot
23411641,mikhailbot
23424570,inkredible-raccoonbot
23717796,depfu[bot]
24168145,kivybot
24213608,jeorjebot
24280864,acs-bot
24423609,lintly-bot
24442459,sqrbot
24465114,t2Robot
24485218,lumberbot-app[bot]
24485218,meeseeksdev[bot]
24606714,finbourne-bot
24696216,geekybot
24828895,presslabs-bot
25040297,smlbiobot
25180681,renovate-bot
25263004,burumbot
25397938,connortbot
25403625,Kaktusbot
25429361,errantbot
25496890,zulipbot
25564546,not-a-robot[bot]
25589918,taskcluster[bot]
25602909,ColmTalbot
25892849,github-release-bot
25971091,accesslint[bot]
26072620,bixubot
26150344,salesforce-cla[bot]
26165518,GiantSpaceRobot
26356615,MLGB-bot
26384082,probot-stale[bot]
26384082,stale[bot]
26440463,firebase-oss-bot
26440463,google-oss-bot
26582301,rasbot
26634292,bors[bot]
26825291,zube[bot]
26842810,duplicate-issues[bot]
26858814,pypa-bot
27329056,FPWombot
27773479,bioconda-bot
27856297,dependabot-preview[bot]
27856297,dependabot[bot]
27903976,gitcoinbot
27977590,monty-bot
28528708,toborobot
28542645,dependencies[bot]
28588124,p3x-robot
28708224,apkgbot
28790108,cla-bot[bot]
28833521,MrPigbot
28886510,boxyrobot
28912751,typot[bot]
28934324,itkrobot
29030114,buildbbot
29060017,4wscertbot
29069815,rokbot
29076241,opendev-zuul[bot]
29076241,openstack-zuul[bot]
29139614,renovate[bot]
29222350,eduard-buildbot
29290835,pastamaker[bot]
29300670,krwq-bot
29409908,dotnet-maestro-bot
29703080,squash-labs[bot]
29726065,rorybot
29784495,astropy-bot[bot]
29791463,fossabot
29825839,pullrequest[bot]
29897825,micsbot
30008653,hound[bot]
30189103,openshift-ci-robot
30189218,openshift-merge-robot
30351955,pulumi-bot
30488982,fejta-bot
30561493,bouncehouse-bot
30606887,welcome[bot]
30686852,softagram[bot]
30729006,reminders[bot]
30732788,update-docs[bot]
30733101,request-info[bot]
30854082,algolia-api-client-bot
30949020,hrnbot
31064915,testaibot
31111762,lukai-robot
31137512,mariatta-bot
31301654,imgbot[bot]
31336023,softagram-bot
31358509,awxbot
31663923,MykolaRobot
31725383,chucklebot
31738011,nimi-bot
32177881,checkmate-bot
32185786,nwb-bot
32262209,aspnetbot
32328362,guardrails-for-github[bot]
32328362,guardrails[bot]
32332140,explosion-bot
32347756,todo[bot]
32358648,ChrisChobot
32362185,leGIT-bot
32409902,peprolinbot
32474494,intheon-buildbot
32669191,cobrapy-bot
32688539,restyled-io[bot]
32965360,no-response[bot]
32969344,aaibot
33029416,TheNihilisticRobot
33070178,vincentchabot
33131709,caffe2bot
33164284,adnanobot
33203283,commitlint[bot]
33266368,svc-excavator-bot
33293402,stsci-bot[bot]
33307416,support[bot]
33315548,kipoi-bot
33322735,openshift-cherrypick-robot
33420780,Stella-Obot
33435461,automerge[bot]
33466630,grpc-bot
33492636,cfarsbot
33557495,mistaken-pull-closer[bot]
33595554,lock[bot]
33596368,move[bot]
33637430,onnxbot
33714816,theopenlab-ci[bot]
33780881,unicornrobot
33884098,softwarefactory-project-zuul[bot]
33982183,confusedrobot
34222749,neutralrobot
34475974,renovate-approve[bot]
34481203,forking-renovate[bot]
34804342,deadsnakes-issues-bot
34923928,sunpy-bot[bot]
35116907,mcnotify[bot]
35134082,deepcode-ci-bot[bot]
35134082,deepcode[bot]
35302948,codetriage-readme-bot
35370462,Kamalabot
35607980,vizipi[bot]
35613825,now[bot]
35613825,vercel-for-github[bot]
35613825,vercel[bot]
35756747,tryanbot
36047385,sqlalchemy-bot
36231209,usercont-release-bot
36314766,google-prow-robot
36354393,invoker-bot
36466523,cypress[bot]
36490558,regro-cf-autotick-bot
36546956,sonatypecla[bot]
36648225,mgaKnightbot
36742853,batfish-bot
36754821,codeclimate[bot]
36771401,azure-pipelines[bot]
36784309,sherry-robot
36971155,height[bot]
37099836,ansibleazurebot
37194012,sonatype-lift[bot]
37200327,thillRobot
37411558,docker-desktop-robot
37411558,docker-for-desktop-robot
37423439,arch-ci-bot
37683822,secusbot
37828470,dgraph-bot
37845953,openapi-bot[bot]
37845953,openapi-sdkautomation[bot]
37929162,mergify[bot]
38020283,kubeflow-bot
38131342,ladybugbot
38232937,shentubot
38333057,pik-software-bot
38334925,deep-learning-mms-bot
38438914,stscijgbot
38454089,mergeable[bot]
38778116,FeralRobot
38953450,devexp-slackbot[bot]
38986832,dotnet-automerge-bot
39057051,I8Robot
39074581,repo-ranger[bot]
39136218,edgedb-clabot
39204139,onf-bot
39296743,finos-cla-bot[bot]
39313383,cfncluster-ami-bot
39335575,commit-lint[bot]
39357738,stellar-graph-bot
39514782,sonarcloud[bot]
39604003,sentry-io[bot]
39627063,nestobot
39689386,close-issue-app[bot]
39763116,fundrequestbot
39814207,pull[bot]
39920001,1aimbot
39979142,kwikbot
40127755,autorebase[bot]
40209326,netlify[bot]
40277468,prowl[bot]
40421472,thoth-zuul-test[bot]
40421472,thoth-zuul[bot]
40769812,Unkobot
40809699,dry-python-bot
40851913,auto-comment[bot]
40862150,datreeio[bot]
41086007,marvin-robot
41165336,render[bot]
41167595,probot-auto-merge[bot]
41202233,fschatbot
41242049,sympy-bot
41326314,moul-bot
41424091,zxRobot
41699153,go-cloud-bot[bot]
41754393,mxnet-label-bot
41810448,stickler-ci[bot]
41898208,sider[bot]
41898282,github-actions[bot]
41993974,review-notebook-app[bot]
42046080,pulumi[bot]
42060814,gaugebot[bot]
42206876,mroldrobot
42222807,backporting[bot]
42236957,nf-core-bot
42252862,iRowebot
42329259,badrobobot
42390046,sovbot
42443321,iamnotahumanbecauseiamabot
42582749,ansible-zuul[bot]
42714450,timmo-bot[bot]
42748379,dotnet-maestro[bot]
42819689,mend-bolt-for-github[bot]
42819689,whitesource-bolt-for-github[bot]
42910462,golangcibot
42928436,rtd-helper[bot]
42975700,dlib-issue-bot
43044129,half-bot
43144390,lgtm-com[bot]
43151172,igorsobot
43204447,app-sre-bot
43318061,mcnotify[bot]
43480880,communitybridge-easycla[bot]
43480880,linux-foundation-easycla[bot]
43485379,allrobot
43622085,aio-libs-bot
43809577,exalate-issue-sync[bot]
43880903,transifex-integration[bot]
43901025,python-fire-bot
44001185,boyrobot
44090433,openvino-pushbot
44246292,repo-mountie[bot]
44361861,leadrobot
44651202,google-oss-robot
44653624,tr4shbot
44682897,unito-bot
44709815,linear-app[bot]
44709815,linear[bot]
44734258,luc-bot
44905990,bulldozer-bot[bot]
45187786,attunelybot
45203499,autoapproval[bot]
45293165,devbots-lock-issue[bot]
45402181,cyounkins-bot
45432694,patchback[bot]
45457231,hcloud-bot
45469149,nanome-bot
45632124,actualchameleonbot
45871413,dgl-bot
45962491,askingbot
46230880,pyload-bot
46292936,feast-ci-bot
46332823,modin-bot
46395956,SeanIsAllRobot
46447321,allcontributors[bot]
46495144,tff-robot
46523731,tob4bot
46564150,gitpod-io[bot]
46743201,open-collective-bot[bot]
46743201,opencollective-bot[bot]
46753707,aws-sam-cli-bot
46795798,TheRealBadRobot
46852061,mlpack-bot[bot]
46867290,nn7kbot
46901065,anormalrobot
46904574,flinkbot
47044978,ai2-bulldozer[bot]
47270205,prometeobot
47308153,xdev-bot
47387685,gxtrobot
47402117,jupyterlab-dev-mode[bot]
47583630,aimlbot
47673924,Sowasvonbot
47725435,GitInTheRobot
47775046,codefactor-io[bot]
47800731,arch-ci-deploy-bot
47809520,dpy-manager-bot
47956599,pfn-ci-bot
48254725,dokku-bot
48340428,msftbot[bot]
48392062,EnergyB-bot
48467535,mn-robot
48479348,edly-bot
48557063,nextreleaseio[bot]
48575430,mandeebot
48611044,issue-label-bot[bot]
48633701,pull-assistant[bot]
48687836,njzjz-bot
48725059,cphgbot
48739277,tensorflow-bot[bot]
48994755,ansible-zuul[bot]
49004749,azclibot
49161187,edx-requirements-bot
49263620,codeowners-mention[bot]
49263620,codeowners-notifier[bot]
49275095,ursabot
49590762,django-bot
49659360,voxel51-bot
49689251,packit-as-a-service[bot]
49699333,dependabot[bot]
49729116,packit-as-a-service-stg[bot]
49736102,kodiakhq[bot]
49849624,zhengchuan-bot
49924207,sagemaker-bot
49945210,intellij-monorepo-bot
49990348,dynatrace-cla-bot
50333436,tommilligan-bors[bot]
50594233,circleci-failure-attribution[bot]
50594233,dr-ci[bot]
50666204,scorebot
50670076,sefkhet-abwy[bot]
50673670,mend-for-github-com[bot]
50673670,whitesource-for-github-com[bot]
50936856,fatiando-bot
51074376,cognite-bulldozer[bot]
51200774,cd-red-bot
51218664,gvisor-bot
51475213,isl-ci-bot
52106221,tanbot
52247235,stac-bot
52330768,changelog-app[bot]
52657713,tensorflow-graphics-github-robot
52663964,cla-checker-service[bot]
52931231,deckar01-bot
53064849,probot-home-assistant[bot]
53086266,bulldozer-boy[bot]
53270907,k8s-triage-robot
53306834,tf-quant-finance-robot
53320429,size-report[bot]
53337611,weco-bot
53350339,cloud-profiler-github-robot
53449429,engprod-2[bot]
53487844,deps-dropseed[bot]
53496261,conventional-commit-lint-gcf[bot]
53544751,pyvista-bot
53939691,qiniu-bot
54010498,tf-models-copybara-bot
54062248,Paul-bot
54082712,pytorch-probot[bot]
54105614,api-clients-generation-pipeline[bot]
54228626,trio-bot[bot]
54246314,zdenekchobot
54279782,RamAIbot
54410473,cycode-app[bot]
54410473,cycode-security[bot]
54452544,pangeo-bot
54541018,pr-scheduler[bot]
54556828,qiskit-crowdin-bot
54566209,MissAlexaRobot
54566209,MissJuliaRobot
54816060,pytorch-bot[bot]
54866446,qiskit-bot
55107282,release-please[bot]
55125188,gwalstat-bot
55168651,community-tc-integration[bot]
55277160,gitlocalize-app[bot]
55761127,logistic-bot
55858104,google-cla[bot]
56216889,hikerrobot
56282280,ciscoai-prowbot
56459184,webdjoe-bot
56469371,sre-ci-robot
56610014,google-ml-butler[bot]
56610014,tensorflow-butler[bot]
56733511,gir-bot
56741989,copybara-service[bot]
56821295,hacs-bot[bot]
56834033,sonarqube-pull-requests[bot]
56890893,firefoxci-taskcluster[bot]
57129171,amineaouini-notbot
57219098,BlueNotesRobot
57229784,swarmia[bot]
57463719,dotnet-eng-status[bot]
57494357,espressif-bot
57573707,jrnl-bot
57658456,saurav-bot
57676739,gitguardian[bot]
57840285,superset-github-bot[bot]
57947529,JonKim-bot
58188449,supersyncbot
58338325,sunpy-backport[bot]
58375840,profbot
58412915,bane-bot
58415594,safinbot
58596630,sourcery-ai[bot]
58770354,lglfbot
59032223,build-cop-bot[bot]
59032223,flaky-bot[bot]
59272229,mindspore-bot
59370235,kf-label-bot-dev[bot]
59450477,taskcluster-bot
59518230,boring-cyborg[bot]
59694328,Allexio-bot
59835401,latrille-bot
60162190,gcf-merge-on-green[bot]
60448005,mothermetabot
60611498,sourcery-ai-bot
60628758,onf-cla-manager[bot]
60760135,ge-cla-bot[bot]
60760135,gx-cla-bot[bot]
60764118,sck-robot
60848717,bridgecrew-develop[bot]
60980775,client-engineering-bot
60991783,alcirobot
61043709,Kapil22-bot
61142134,mihara-bot
61247838,eclipse-zenoh-bot
61540840,satish-bot
61600560,broadbot
61715770,rigetti-githubbot
61781605,dearmisterrobot
61800571,autofix-bot
61817084,sagemaker-neo-ci-bot
61849395,ansibullbot
61871480,codacy-production[bot]
61884791,anaconda-issue-bot
61887150,mxnet-bot
61922382,syrupy-bot
62050782,deepsource-autofix[bot]
62073322,aiida-bot-app[bot]
62304370,googlemaps-bot
62310815,github-advanced-security[bot]
62310815,github-code-scanning[bot]
62411420,needles-bot
62694369,jina-bot
62963386,primerai-bulldozer[bot]
63187943,cairon-bot
63235736,odc-semantic-release-bot
63268556,atlassian-cla-bot[bot]
63269951,elyra-pr-bot[bot]
63379544,elyra-ai-github-bot[bot]
63424425,TestUserRobot
63493438,semgrep-app[bot]
63493438,semgrep-dev[bot]
63793133,ondrej-stanek-ozobot
64042803,rfm-bot
64150917,tiny-tim-bot
64226111,snippet-bot[bot]
64245729,renovate-approve-2[bot]
64332972,imagesc-bot
64472749,gitpaybot
64544372,khebhut[bot]
64564426,ltau-robot
64792179,monai-bot
65029690,sync-by-unito[bot]
65082232,mergery[bot]
65082542,wikimedia-helper-bot-for-github[bot]
65095814,bitbuilder-ai[bot]
65095814,ellipsis-dev[bot]
65331932,azure-powershell-bot
65357765,dask-bot
65624628,kfp-tekton-bot
65734717,cisagovbot
65761964,ably-sync-bot
65984493,microsoft-cla[bot]
66042841,getsantry[bot]
66302673,wayback-bot
66365589,damgadbot
66403110,tflite-support-robot
66705636,python-discord-bot
66853113,pre-commit-ci[bot]
67080102,BOSSrobot
68078521,jupyterlab-bot
68201406,bridgecrew-bot
68334989,obspy-bot
68436236,telegram-coin-bot
68709235,rishik-bot
69278765,jgd-bot
69421341,pusherbot
69489165,amazon-braket-ci-bot
69624470,ke-works-bot
69658100,casbin-bot
70004342,iu-bot[bot]
70231853,aws-kf-ci-bot
70232089,mabelbot
70248918,release-tool-publish-reporter[bot]
70349656,edgedb-cla[bot]
70384450,datadog-agent-integrations-label-bot
70637232,TGTGbot
70984784,yoshi-code-bot
71083854,nx-cloud[bot]
71392285,rp-bot
71889107,slo-generator-bot
72252364,tommilligan-bors-2[bot]
72292940,Nanashi-bot
72320148,code-review-doctor[bot]
72421325,elyra-bot[bot]
72514326,hosserobot
72852140,openmmlab-bot
72856194,aio-libs-github-bot[bot]
73139402,cloudflare-pages[bot]
73230800,imauserbot
73299758,rapids-bot[bot]
73299758,rapids-ops-bot[bot]
73354554,badabump-release-bot[bot]
73547045,Ponicode-bot
74007250,painter-bot
74109855,Hacked-bot
74268634,bugout-dev[bot]
74389073,Locke-bot
74670311,meili-bot
74696067,proguy914629bot
74697448,rysolv-bot
74741091,streamlit-badge-bot
74742576,repo-helper[bot]
74751651,desert-bot
74913490,bnbot
74993032,dotnet-issue-labeler[bot]
75433959,openshift-ci[bot]
75497227,tophat-opensource-bot
76133766,talkiq-renovate-approve[bot]
76597500,pull-request-quantifier[bot]
76974415,telegraf-tiger[bot]
76988100,PabloIrobot
77151825,meercodebot
77245923,microsoft-github-policy-service[bot]
77444497,AtikFloatbot
78085893,home-assistant[bot]
78108056,flyte-bot
78513119,gcf-owl-bot[bot]
78750993,john-maidbot
79041986,Srijan-bot
79163924,mapbox-github-ci-issues-1[bot]
79163967,mapbox-github-ci-issues-2[bot]
79164005,mapbox-github-ci-issues-3[bot]
79164026,mapbox-github-ci-issues-4[bot]
79164060,mapbox-github-ci-issues-5[bot]
79221869,semgrep-snowflake[bot]
79372327,nautobot-bot
79485700,boughtbot
79831677,wpyogorobot
80507394,bipsterbot
80665605,devexp-slackbot
80720619,lazerrobot
80869356,google-cloud-policy-bot[bot]
80886601,axolo-co[bot]
81196843,napari-bot
81265857,auto-approve-bot[bot]
81317771,Marcelobot
81333946,web3-bot
81360210,mihaozbot
81562350,tianlongyang-bot
81750448,sap-ospo-bot
81814951,kimisme9386-bot
82027071,clueless-bot
82190365,databend-bot
82190365,datafuse-bot
82944014,pull-request-submitter[bot]
83608676,streamlitbot
83967968,semi-technologies-bot
83967968,weaviate-git-bot
84277632,KU-GITHUB-bot
85180080,liviu-bot
85185566,rinshan-bot
85249623,Iamme-bot
85254666,greenbonebot
85575025,allstar-app[bot]
85644782,trunk-io[bot]
85952233,eth-bot
86230868,jannikbot
86324825,codesee-architecture-diagrams[bot]
86324825,codesee-maps[bot]
87064384,cnv-qe-bot
87228776,Tinny-Robot
87854865,cla-assistant[bot]
88063483,kserve-oss-bot
88084959,datadog-datadog-prod-us1[bot]
88136702,anujclutterbot
88328844,localstack-bot
88757924,LFarmbot
89020139,keikibot
89034592,meili-bors[bot]
89047704,amiller-datarobot
89048422,release-trigger[bot]
89167155,cko-developer-portal[bot]
89167470,r2c-argo[bot]
89328645,step-security-bot
89354519,nikita51bot
89845991,jupyterlab-probot[bot]
89874133,ashish-desai-datarobot
89982750,prisma-cloud-devsecops[bot]
90276125,hikari-bot[bot]
90279826,ben-cutler-datarobot
90781431,pipelinit-bot
90912897,ubermag-bot
91121444,jupyterlab-contrib-bot
91398474,oberonbot
91489868,Brudderbot
92017730,openshift-edge-bot
92053865,upgradvisor-bot
92110531,datadog-datadog-staging-us1-all[bot]
92114575,google-oss-prow[bot]
92606302,napari-hub-plugin-preview[bot]
92606302,napari-hub[bot]
92735237,pedrohbot
92810346,pyansys-ci-bot
92883142,cuenca-dependabot
93352173,ratdriftbot
93400552,mapbox-github-ci-writer-public-1[bot]
93407175,mapbox-github-ci-issues-public-1[bot]
93616162,whynotbot[bot]
94046181,deepchecks-bot
94435688,mr12obot
95430995,common-config-bot
95510084,socket-security[bot]
95589833,thebabellibrarybot
95693256,ci-token-creator[bot]
95693256,phillip-ground[bot]
95760031,chamoddeshanbot
96007441,ibis-project-bot[bot]
96075541,graphite-app[bot]
96141124,ietf-svn-bot
96536427,ibis-squawk-bot[bot]
96540410,ibis-docs-bot[bot]
96544894,basetenbot
96930029,crocodile-code-review[bot]
97388504,fix-bot
97389386,ibis-pr-approval-bot[bot]
97764156,pytorchmergebot
97982828,virtool-bot
98049902,meshinspector-bot
98583408,k-ribot
98671527,cleanlab-bot
98922864,opensearch-trigger-bot[bot]
98988430,gcp-cherry-pick-bot[bot]
99437290,cpython-cla-bot[bot]
99478713,app-sre-trigger-bot
99699801,py-mine-bot
100293103,mm-assistant[bot]
100847228,rtosholdings-bot
101329030,foqal-agent[bot]
101540606,oss-fuzz-robot
102100353,inclusive-coding-bot
102558755,dyu-bot
102560831,dotnet-sb-bot
102677775,oca-application[bot]
102677775,oracle-contributor-agreement[bot]
103120256,3scale-qe-bot
103574444,wormrobot
104037759,Winrargivemebot
104101892,pixeebot[bot]
104158401,ercbot
104314360,fief-bailiff[bot]
104649659,owlbot-bootstrapper[bot]
104741743,vapeluckymanbot
104832597,reviewpad[bot]
105521251,stripe-openapi[bot]
105723949,Tobbybot
106112521,amplify-self-hosted-runners[bot]
106132319,pyca-boringbot[bot]
106163043,Gemirobot
106279034,semgrep-ci[bot]
106613265,codesandbox[bot]
107292221,streamlinkbot
107565488,stainless-bot
107584329,my-first-probot-app-15[bot]
107646043,hashupdatebot
107717825,opentelemetrybot
107775138,iris-actions[bot]
107775138,scitools-ci[bot]
108416695,speakeasybot
108515334,paddle-bot[bot]
108753792,priceloop-infrastructure-build-app[bot]
108792105,redhat-qe-bot
109394605,grit-app[bot]
109931778,mintlify[bot]
110482729,datadog-staging-us1-crawler-test[bot]
110602490,fal-bot
111012772,foxhubber[bot]
111072512,codeowners-com[bot]
111636050,muniu-bot[bot]
111687743,gitstream-cm[bot]
112489335,hilockbot
112719459,poetry-backports[bot]
112719459,poetry-bot[bot]
113194083,jrgallibot
113403604,learn-build-service-prod[bot]
113625520,ld-repository-standards[bot]
113727212,sre-57-opslevel[bot]
113931741,jrb-cobot
114527992,what-the-diff[bot]
115122769,fern-api[bot]
115122769,fern-github-app[bot]
115253437,renovate-coveo[bot]
115657842,DorianSchuylerAbbot
116911982,Bhairbot
117304815,codspeed-hq[bot]
117830771,anaconda-renovate[bot]
117976656,zhinst-qcodes-generator[bot]
118016867,google-allstar-prod[bot]
118344674,github-merge-queue[bot]
118638395,neptune-bot
118712999,stoat-app[bot]
118962560,threatworx-github-app[bot]
119339316,merger-application[bot]
119454538,chompy-bot
120067856,pubnub-release-bot
121105855,dd-mergequeue[bot]
121461646,py-mine-ci-bot[bot]
121541134,orca-security-eu[bot]
121576822,gradio-pr-bot
121692013,back-of-house-staging[bot]
121829473,issue-triage-workflows[bot]
122456294,chatcody[bot]
122507266,arcdatabot
122799708,udata-bot
123036547,elastic-backstage-prod[bot]
123182030,heydru-bot
123482357,dotnet-policy-service[bot]
123969075,gocardless-ci-robot[bot]
124107410,friendly-mm-pr-robot[bot]
124588521,opencraft-requirements-bot
125160947,alexklibisz-scala-steward[bot]
125169248,cr-gpt[bot]
125451756,assafbot
125959684,packit-public-repos-bot
126015336,red-hat-konflux[bot]
126015336,red-hat-trusted-app-pipeline[bot]
126544928,fern-bot
126577342,rabih-datarobot
126720449,notion-workspace[bot]
128212223,cloud-tpu-inference-github-bot
128439645,sweep-ai[bot]
128613236,syncronize-issues-to-jira[bot]
128751972,tag-dbot
129370481,dd-devflow[bot]
129742071,noneflow[bot]
129796574,aws-sam-bot
129964168,siliconcompiler-bot
130602381,jenkins-mbdev[bot]
130620543,mtpk-bot
131012537,darth-quack[bot]
131295404,codegen-sh[bot]
131444098,korbit-ai-mentor[bot]
131444098,korbit-ai[bot]
131609634,import-bot
131922026,dosu-beta[bot]
131922026,dosubot[bot]
132414303,watermelon-context[bot]
132414303,watermelon-copilot-for-code-review[bot]
132550499,rerun-bot
132915763,quant-ranger[bot]
133053644,op1st-prow[bot]
133916390,pytorchupdatebot
134028196,modal-pr-review-automation[bot]
134180824,ai-maintainer-bot
135514537,Bingchatbot
135666964,semanticdiff-com[bot]
135774087,karlebot
136622811,coderabbitai[bot]
136636167,conbench-apache-arrow[bot]
136651988,neophile-square[bot]
137032426,mlflow[bot]
137423389,dlrsp-bot
137892573,cf-allstar[bot]
138073465,fontawesome-github-bot
138089423,prplex[bot]
138128286,codiumai-pr-agent-free[bot]
138128286,codiumai-pr-agent[bot]
138252374,copy-pr-bot[bot]
138932838,dosu-bot
138933559,factory-droid[bot]
139079794,disnake-bot[bot]
139269630,semgrep-code-returntocorp[bot]
139502916,moto-payments-app[bot]
139873238,openimbot
140659516,evergreen-ci-prod[bot]
141277837,cumulus-bot
141718529,snyk-io[bot]
142106920,robot-magpie[bot]
142633134,stainless-app[bot]
143075427,adaptly-bot
143504162,renovate-coveooss[bot]
143693109,ansys-reviewer-bot[bot]
144191168,semgrep-code-semgrep[bot]
145397600,pyzbot
146311692,openslide-bot
146321879,geo-ghci-int[bot]
147643061,cvat-bot[bot]
147888899,stack-file[bot]
148852131,openshift-merge-bot[bot]
148906541,codeflash-ai[bot]
149236861,codekitchen-bot
151028932,pyodide-pr-bot
151058649,codiumai-pr-agent-pro[bot]
152252888,knope-bot[bot]
152328217,oss-prow-bot[bot]
153269286,agent-platform-auto-pr[bot]
154288675,hyperlint-ai[bot]
154622635,nucliabot[bot]
154984095,qiniu-x[bot]
155555808,wiz-inc-572fc38784[bot]
157164994,seer-by-sentry[bot]
157164994,sentry-autofix-experimental[bot]
157164994,sentry-autofix[bot]
157481700,wiz-inc-a28a8b7b4c[bot]
157494751,lich-bot
157653362,blacksmith-sh[bot]
158082902,semgrep-zcs-prod-semgrep[bot]
158243242,devin-ai-integration[bot]
158570872,monosans[bot]
158576507,djlint[bot]
159767151,datadog-agent-integrations-bot[bot]
161707711,zettascale-bot
161749420,hail-ci-robot
162320242,geo-ghci-test[bot]
162879700,MoazzemHossain-bot
164567228,wiz-inc-266a8a9c32[bot]
165735046,greptile-apps[bot]
166410377,wiz-inc-4ad3b29aa7[bot]
166657716,linkml-pr-bot[bot]
168018167,datarobot-harness[bot]
168258904,devloai[bot]
169726756,renovatebot-confluentinc[bot]
171379150,painebot
172699233,zeropath-ai[bot]
172878892,delve-auditor[bot]
173078052,rickwporter-datarobot
173152895,skrub-bot
173546081,scikit-build-app-bot[bot]
173976618,queenmoon-bot
174090064,linchen1-robot
174136889,entelligence-ai-pr-reviews[bot]
174430125,connectivity-team-actions[bot]
174716857,elastic-renovate-prod[bot]
175728472,copilot-pull-request-reviewer[bot]
175746647,langcarl[bot]
176961590,gemini-code-assist[bot]
176963294,airlock-confluentinc[bot]
177162917,elroy-bot
177872868,learning-equality-bot[bot]
177913338,Nightowlbot
178910129,semgrep-managed-scans[bot]
179230569,prowler-bot
180123077,rohitcpbot
180520183,elastic-observability-automation[bot]
181281370,semgrep-app-snowflakedb[bot]
182241434,bilby-bot
182814678,code-review-assist[bot]
184450083,runllm-pr-agent[bot]
184758061,llamapreview[bot]
185783227,opensafely-core-create-pr[bot]
186980925,slackapi[bot]
188008098,stepsecurity-app[bot]
188091657,recurseml[bot]
188282206,prints-charming-bot
189166143,pulumi-renovate[bot]
189278048,service-bot-app[bot]
189301087,windsurf-bot[bot]
189443453,trademark-bot
189517486,qodo-merge-pro-for-open-source[bot]
189566278,gaphor-updater[bot]
189905375,pulumi-renovate-approve[bot]
190631864,dls-release-please[bot]
191113872,cubic-dev-ai[bot]
191113872,mrge-io[bot]
191533747,azure-sdk-automation[bot]
191724331,agentmarketbot
191742271,phishing-database-bot
191841109,mlflow-app[bot]
193960024,sander0542-renovate[bot]
193975065,review-ai-agent[bot]
194105452,EXD-Peterbot
194984044,bhr-cihub[bot]
199298453,vllm-bot
201638009,jetbrains-junie[bot]
202712287,token-generator-for-automated-prs[bot]
203372662,propel-code-bot[bot]
204324030,nvdiacudabot
205013149,dependency-automation-app[bot]
205193780,scout-team-app[bot]
205629012,lingma-agents[bot]
206951365,cursor-com[bot]
206951365,cursor[bot]
209825114,claude[bot]
210608311,Makhmudbot
210670560,kci-pr-agent[bot]
211987625,tensorflow-pr-cleanup[bot]
212256041,pylint-backport-bot[bot]
212951490,datadog-cdk-constructs-bot[bot]
212979880,pytorchxpubot
213116393,unidata-pr-backport[bot]
